set,wmape,mae,rmse,smape,recall_critico,f1_critico,franjas_criticas_reales,franjas_criticas_predichas,tp,fp,fn
Train,0.09260653872652992,17.334610210571245,23.57705471928161,0.10346074827176067,0.0,0.0,24,0,0,0,24
Validation,0.17887223525970694,27.91800331659444,36.220688455668274,0.2017187976973322,0.0,0.0,0,0,0,0,0
Test,0.18353727983402415,34.24311070555131,46.053314924069234,0.2049512088471888,0.0,0.0,8,0,0,0,8
