{
  "wmape_val": 0.17887223525970694,
  "mae_val_pax": 27.91800331659444,
  "mean_flow_pax": 187.18559670781892,
  "error_relativo_media_pct": 14.91461085019918,
  "critical_threshold_pax": 432.39130434782606,
  "capacity_per_15m": 508.695652173913,
  "n_filtros": 13,
  "justificacion_wmape": "Penaliza más errores en franjas de alta demanda. Bien definido con ceros bajos."
}